Fecha;Datos_MP
01-09-2013;105
02-09-2013;99
03-09-2013;81
04-09-2013;113
05-09-2013;104
06-09-2013;119
07-09-2013;73
08-09-2013;72
09-09-2013;126
10-09-2013;77
11-09-2013;103
12-09-2013;118.75
13-09-2013;179
14-09-2013;200
15-09-2013;203
16-09-2013;109
17-09-2013;55
18-09-2013;53
19-09-2013;35
20-09-2013;50
21-09-2013;67
22-09-2013;93.5
23-09-2013;85
24-09-2013;149
25-09-2013;74
26-09-2013;95
27-09-2013;140.5
28-09-2013;94
29-09-2013;75
30-09-2013;89
01-10-2013;55
02-10-2013;58
03-10-2013;60
04-10-2013;34
05-10-2013;36
06-10-2013;38
07-10-2013;58
08-10-2013;59
09-10-2013;30
10-10-2013;68
11-10-2013;57
12-10-2013;32
13-10-2013;23
14-10-2013;37
15-10-2013;29
16-10-2013;28
17-10-2013;18
18-10-2013;26
19-10-2013;18.75
20-10-2013;28
21-10-2013;33
22-10-2013;29
23-10-2013;51
24-10-2013;29
25-10-2013;18
26-10-2013;27
27-10-2013;28.75
28-10-2013;48
29-10-2013;39
30-10-2013;32.75
31-10-2013;31
01-11-2013;15
02-11-2013;34
03-11-2013;38
04-11-2013;38
05-11-2013;22
06-11-2013;19
07-11-2013;25
08-11-2013;68
09-11-2013;35
10-11-2013;23
11-11-2013;37
12-11-2013;47
13-11-2013;82
14-11-2013;31
15-11-2013;24
16-11-2013;20.75
17-11-2013;28
18-11-2013;24
19-11-2013;19
20-11-2013;15
21-11-2013;21
22-11-2013;18
23-11-2013;20
24-11-2013;34
25-11-2013;37.5
26-11-2013;20
27-11-2013;20
28-11-2013;19.25
29-11-2013;17
30-11-2013;14
01-12-2013;12.5
02-12-2013;22
03-12-2013;19
04-12-2013;19.5
05-12-2013;19
06-12-2013;14
07-12-2013;14
08-12-2013;11
09-12-2013;14
10-12-2013;12
11-12-2013;13
12-12-2013;13.25
13-12-2013;13
14-12-2013;9
15-12-2013;6
16-12-2013;7
17-12-2013;8
18-12-2013;10
19-12-2013;12
20-12-2013;8
21-12-2013;11
22-12-2013;9
23-12-2013;10
24-12-2013;11
25-12-2013;13
26-12-2013;10
27-12-2013;14
28-12-2013;14.25
29-12-2013;16
30-12-2013;11
31-12-2013;31
01-01-2014;19
02-01-2014;22
03-01-2014;16
04-01-2014;14
05-01-2014;8
06-01-2014;13
07-01-2014;12.5
08-01-2014;16
09-01-2014;14
10-01-2014;13
11-01-2014;9
12-01-2014;7
13-01-2014;6
14-01-2014;8
15-01-2014;9
16-01-2014;6
17-01-2014;13
18-01-2014;8
19-01-2014;5
20-01-2014;11
21-01-2014;14
22-01-2014;23.75
23-01-2014;30.75
24-01-2014;19
25-01-2014;12
26-01-2014;10
27-01-2014;10.25
28-01-2014;13
29-01-2014;20
30-01-2014;10.5
31-01-2014;14
01-02-2014;17
02-02-2014;14
03-02-2014;16
04-02-2014;26
05-02-2014;17
06-02-2014;16
07-02-2014;16
08-02-2014;15
09-02-2014;13
10-02-2014;14
11-02-2014;14
12-02-2014;22.5
13-02-2014;20
14-02-2014;23
15-02-2014;16
16-02-2014;9
17-02-2014;
18-02-2014;
19-02-2014;21
20-02-2014;11
21-02-2014;11
22-02-2014;11
23-02-2014;9
24-02-2014;28
25-02-2014;26
26-02-2014;16
27-02-2014;12
28-02-2014;24
01-03-2014;11
02-03-2014;7
03-03-2014;12
04-03-2014;13.75
05-03-2014;
06-03-2014;
07-03-2014;23
08-03-2014;19.75
09-03-2014;20
10-03-2014;29
11-03-2014;23
12-03-2014;33
13-03-2014;23
14-03-2014;28
15-03-2014;55
16-03-2014;45
17-03-2014;40
18-03-2014;37
19-03-2014;27
20-03-2014;25
21-03-2014;31
22-03-2014;14
23-03-2014;45.25
24-03-2014;48
25-03-2014;24
26-03-2014;16
27-03-2014;26
28-03-2014;49
29-03-2014;47
30-03-2014;43
31-03-2014;140
01-04-2014;179.75
02-04-2014;211
03-04-2014;135
04-04-2014;138
05-04-2014;124
06-04-2014;113
07-04-2014;68
08-04-2014;32
09-04-2014;59
10-04-2014;42.25
11-04-2014;105
12-04-2014;126
13-04-2014;43
14-04-2014;41
15-04-2014;35
16-04-2014;77
17-04-2014;41
18-04-2014;56
19-04-2014;73
20-04-2014;116.75
21-04-2014;104
22-04-2014;83
23-04-2014;77
24-04-2014;130
25-04-2014;130
26-04-2014;53
27-04-2014;52
28-04-2014;51
29-04-2014;57
30-04-2014;49
01-05-2014;82
02-05-2014;101
03-05-2014;70
04-05-2014;70
05-05-2014;57
06-05-2014;121.21
07-05-2014;
08-05-2014;200
09-05-2014;69.75
10-05-2014;95
11-05-2014;74
12-05-2014;66
13-05-2014;69
14-05-2014;128
15-05-2014;167
16-05-2014;81
17-05-2014;104
18-05-2014;43
19-05-2014;84.25
20-05-2014;141
21-05-2014;184
22-05-2014;165
23-05-2014;47
24-05-2014;89
25-05-2014;40
26-05-2014;36.5
27-05-2014;102
28-05-2014;196
29-05-2014;62.5
30-05-2014;112
31-05-2014;161
01-06-2014;90
02-06-2014;154.75
03-06-2014;155
04-06-2014;257
05-06-2014;157.25
06-06-2014;124
07-06-2014;141
08-06-2014;103
09-06-2014;112
10-06-2014;138
11-06-2014;116
12-06-2014;91
13-06-2014;121
14-06-2014;123
15-06-2014;59
16-06-2014;182
17-06-2014;
18-06-2014;
19-06-2014;
20-06-2014;
21-06-2014;
22-06-2014;
23-06-2014;
24-06-2014;40
25-06-2014;62
26-06-2014;41
27-06-2014;33
28-06-2014;60
29-06-2014;78
30-06-2014;120
01-07-2014;189
02-07-2014;64
03-07-2014;49.25
04-07-2014;112
05-07-2014;156
06-07-2014;48
07-07-2014;63
08-07-2014;58
09-07-2014;45
10-07-2014;31
11-07-2014;63
12-07-2014;44
13-07-2014;46
14-07-2014;58
15-07-2014;88
16-07-2014;76
17-07-2014;57
18-07-2014;82
19-07-2014;118
20-07-2014;141
21-07-2014;153
22-07-2014;242.75
23-07-2014;155
24-07-2014;121
25-07-2014;122
26-07-2014;172
27-07-2014;212.5
28-07-2014;133
29-07-2014;162
30-07-2014;132
31-07-2014;123
01-08-2014;189
02-08-2014;64
03-08-2014;49.25
04-08-2014;112
05-08-2014;156
06-08-2014;48
07-08-2014;63
08-08-2014;58
09-08-2014;45
10-08-2014;31
11-08-2014;63
12-08-2014;44
13-08-2014;46
14-08-2014;58
15-08-2014;88
16-08-2014;76
17-08-2014;57
18-08-2014;82
19-08-2014;118
20-08-2014;141
21-08-2014;153
22-08-2014;242.75
23-08-2014;155
24-08-2014;121
25-08-2014;122
26-08-2014;172
27-08-2014;212.5
28-08-2014;133
29-08-2014;162
30-08-2014;132
31-08-2014;123
01-09-2014;191
02-09-2014;139
03-09-2014;158.5
04-09-2014;132
05-09-2014;180
06-09-2014;45
07-09-2014;70
08-09-2014;87
09-09-2014;46
10-09-2014;45
11-09-2014;38
12-09-2014;36
13-09-2014;37
14-09-2014;25
15-09-2014;30
16-09-2014;25
17-09-2014;29
18-09-2014;38
19-09-2014;71
20-09-2014;87
21-09-2014;53
22-09-2014;50
23-09-2014;49
24-09-2014;53.75
25-09-2014;57
26-09-2014;86
27-09-2014;72
28-09-2014;51
29-09-2014;65.5
30-09-2014;84
01-10-2014;128
02-10-2014;94
03-10-2014;78
04-10-2014;20
05-10-2014;26.25
06-10-2014;35
07-10-2014;61
08-10-2014;50
09-10-2014;38
10-10-2014;32
11-10-2014;30
12-10-2014;34
13-10-2014;34
14-10-2014;67
15-10-2014;52.75
16-10-2014;40.5
17-10-2014;60
18-10-2014;56
19-10-2014;61
20-10-2014;52
21-10-2014;45
22-10-2014;42
23-10-2014;34
24-10-2014;17
25-10-2014;15
26-10-2014;18
27-10-2014;25
28-10-2014;28
29-10-2014;47
30-10-2014;46
31-10-2014;59
01-11-2014;85
02-11-2014;85
03-11-2014;33
04-11-2014;20
05-11-2014;26
06-11-2014;53
07-11-2014;25
08-11-2014;17
09-11-2014;19
10-11-2014;18
11-11-2014;24
12-11-2014;24
13-11-2014;13
14-11-2014;12
15-11-2014;15
16-11-2014;11
17-11-2014;26
18-11-2014;22
19-11-2014;24
20-11-2014;23
21-11-2014;20
22-11-2014;19
23-11-2014;18
24-11-2014;19
25-11-2014;16
26-11-2014;21
27-11-2014;19
28-11-2014;33
29-11-2014;27
30-11-2014;20
01-12-2014;22
02-12-2014;15
03-12-2014;11
04-12-2014;12
05-12-2014;13
06-12-2014;14
07-12-2014;12
08-12-2014;23
09-12-2014;27
10-12-2014;28
11-12-2014;16
12-12-2014;15
13-12-2014;10
14-12-2014;13
15-12-2014;11
16-12-2014;11
17-12-2014;14
18-12-2014;30
19-12-2014;24
20-12-2014;24
21-12-2014;28
22-12-2014;17
23-12-2014;10
24-12-2014;16
25-12-2014;12
26-12-2014;18
27-12-2014;16
28-12-2014;19
29-12-2014;15
30-12-2014;22
31-12-2014;27
01-01-2015;25
02-01-2015;11
03-01-2015;9
04-01-2015;8
05-01-2015;11
06-01-2015;13
07-01-2015;12
08-01-2015;9
09-01-2015;8
10-01-2015;15
11-01-2015;18
12-01-2015;19
13-01-2015;11.25
14-01-2015;12.75
15-01-2015;7.25
16-01-2015;9
17-01-2015;6
18-01-2015;19
19-01-2015;11
20-01-2015;8
21-01-2015;10
22-01-2015;7
23-01-2015;5.5
24-01-2015;5
25-01-2015;6
26-01-2015;8
27-01-2015;15
28-01-2015;9
29-01-2015;12
30-01-2015;6
31-01-2015;7
01-02-2015;7.75
02-02-2015;9
03-02-2015;9
04-02-2015;7
05-02-2015;8
06-02-2015;10
07-02-2015;10
08-02-2015;11
09-02-2015;11
10-02-2015;9
11-02-2015;15
12-02-2015;16
13-02-2015;12
14-02-2015;11
15-02-2015;11
16-02-2015;11
17-02-2015;18
18-02-2015;24.25
19-02-2015;12
20-02-2015;11
21-02-2015;23
22-02-2015;17
23-02-2015;10
24-02-2015;15
25-02-2015;19
26-02-2015;6
27-02-2015;18
28-02-2015;8
01-03-2015;11
02-03-2015;15
03-03-2015;18
04-03-2015;16
05-03-2015;16
06-03-2015;36
07-03-2015;21
08-03-2015;26
09-03-2015;31
10-03-2015;14
11-03-2015;33
12-03-2015;25
13-03-2015;17
14-03-2015;18
15-03-2015;27
16-03-2015;48.5
17-03-2015;24
18-03-2015;22
19-03-2015;32
20-03-2015;29
21-03-2015;56
22-03-2015;105
23-03-2015;69
24-03-2015;58
25-03-2015;93
26-03-2015;63
27-03-2015;43
28-03-2015;35
29-03-2015;16
30-03-2015;24
31-03-2015;29
01-04-2015;31
02-04-2015;32
03-04-2015;
04-04-2015;
05-04-2015;
06-04-2015;
07-04-2015;
08-04-2015;
09-04-2015;
10-04-2015;
11-04-2015;
12-04-2015;
13-04-2015;
14-04-2015;
15-04-2015;
16-04-2015;
17-04-2015;
18-04-2015;
19-04-2015;
20-04-2015;
21-04-2015;
22-04-2015;
23-04-2015;
24-04-2015;
25-04-2015;
26-04-2015;
27-04-2015;
28-04-2015;
29-04-2015;
30-04-2015;
01-05-2015;
02-05-2015;
03-05-2015;
04-05-2015;
05-05-2015;
06-05-2015;
07-05-2015;
08-05-2015;
09-05-2015;
10-05-2015;
11-05-2015;
12-05-2015;
13-05-2015;
14-05-2015;
15-05-2015;
16-05-2015;
17-05-2015;
18-05-2015;
19-05-2015;
20-05-2015;
21-05-2015;
22-05-2015;
23-05-2015;
24-05-2015;22
25-05-2015;42
26-05-2015;112
27-05-2015;124
28-05-2015;89
29-05-2015;35
30-05-2015;64
31-05-2015;68
01-06-2015;57
02-06-2015;119
03-06-2015;48
04-06-2015;110
05-06-2015;79
06-06-2015;71
07-06-2015;149
08-06-2015;168
09-06-2015;109.2
10-06-2015;39
11-06-2015;42
12-06-2015;48
13-06-2015;43
14-06-2015;
15-06-2015;28
16-06-2015;43
17-06-2015;55
18-06-2015;110
19-06-2015;102
20-06-2015;57
21-06-2015;41
22-06-2015;130
23-06-2015;376
24-06-2015;511
25-06-2015;187
26-06-2015;103
27-06-2015;31
28-06-2015;19
29-06-2015;30
30-06-2015;87
01-07-2015;82
02-07-2015;90
03-07-2015;86
04-07-2015;334
05-07-2015;142
06-07-2015;90
07-07-2015;116
08-07-2015;147
09-07-2015;93
10-07-2015;61
11-07-2015;40
12-07-2015;46
13-07-2015;44
14-07-2015;32
15-07-2015;73
16-07-2015;82
17-07-2015;51
18-07-2015;55
19-07-2015;32
20-07-2015;42
21-07-2015;39
22-07-2015;50
23-07-2015;43
24-07-2015;96
25-07-2015;106
26-07-2015;97
27-07-2015;83
28-07-2015;62
29-07-2015;105
30-07-2015;88
31-07-2015;141
01-08-2015;101
02-08-2015;85
03-08-2015;53
04-08-2015;140
05-08-2015;74
06-08-2015;104
07-08-2015;92
08-08-2015;80
09-08-2015;95
10-08-2015;98
11-08-2015;60
12-08-2015;176
13-08-2015;160
14-08-2015;45
15-08-2015;26
16-08-2015;26
17-08-2015;62
18-08-2015;74
19-08-2015;111
20-08-2015;209
21-08-2015;149
22-08-2015;52
23-08-2015;115
24-08-2015;120
25-08-2015;127
26-08-2015;63
27-08-2015;112
28-08-2015;63
29-08-2015;33
30-08-2015;
31-08-2015;75
01-09-2015;100
02-09-2015;33
03-09-2015;40
04-09-2015;30
05-09-2015;24
06-09-2015;32
07-09-2015;37
08-09-2015;87
09-09-2015;39
10-09-2015;39
11-09-2015;37
12-09-2015;27
13-09-2015;16
14-09-2015;56
15-09-2015;88
16-09-2015;24
17-09-2015;40
18-09-2015;21
19-09-2015;36
20-09-2015;37
21-09-2015;81
22-09-2015;167
23-09-2015;91
24-09-2015;95
25-09-2015;57
26-09-2015;36
27-09-2015;30
28-09-2015;48
29-09-2015;68
30-09-2015;40
01-10-2015;52
02-10-2015;103
03-10-2015;155
04-10-2015;87
05-10-2015;30
06-10-2015;36
07-10-2015;27
08-10-2015;45
09-10-2015;75
10-10-2015;84
11-10-2015;51
12-10-2015;51
13-10-2015;29
14-10-2015;23
15-10-2015;27
16-10-2015;33
17-10-2015;18
18-10-2015;14
19-10-2015;21
20-10-2015;19
21-10-2015;48
22-10-2015;39
23-10-2015;13
24-10-2015;32
25-10-2015;36
26-10-2015;20
27-10-2015;26
28-10-2015;17
29-10-2015;18
30-10-2015;25
31-10-2015;18
01-11-2015;15
02-11-2015;14
03-11-2015;19
04-11-2015;18
05-11-2015;16
06-11-2015;10
07-11-2015;8
08-11-2015;11
09-11-2015;13
10-11-2015;22
11-11-2015;6
12-11-2015;8
13-11-2015;10
14-11-2015;9
15-11-2015;11
16-11-2015;25
17-11-2015;35
18-11-2015;25
19-11-2015;25
20-11-2015;18
21-11-2015;26
22-11-2015;18
23-11-2015;12
24-11-2015;15
25-11-2015;15
26-11-2015;13
27-11-2015;14
28-11-2015;14
29-11-2015;7
30-11-2015;12
01-12-2015;26
02-12-2015;12
03-12-2015;6
04-12-2015;9
05-12-2015;15
06-12-2015;13
07-12-2015;11
08-12-2015;11
09-12-2015;11
10-12-2015;8
11-12-2015;10
12-12-2015;11
13-12-2015;12
14-12-2015;18
15-12-2015;9
16-12-2015;19
17-12-2015;19
18-12-2015;19
19-12-2015;8
20-12-2015;12
21-12-2015;14
22-12-2015;14
23-12-2015;13
24-12-2015;18
25-12-2015;12
26-12-2015;14
27-12-2015;10
28-12-2015;12
29-12-2015;12
30-12-2015;11
31-12-2015;16
01-01-2016;14
02-01-2016;11
03-01-2016;10
04-01-2016;12
05-01-2016;9
06-01-2016;8
07-01-2016;9
08-01-2016;7
09-01-2016;7
10-01-2016;5
11-01-2016;5
12-01-2016;6
13-01-2016;
14-01-2016;
15-01-2016;
16-01-2016;9
17-01-2016;6
18-01-2016;7
19-01-2016;11
20-01-2016;9
21-01-2016;9
22-01-2016;5
23-01-2016;7
24-01-2016;8
25-01-2016;10
26-01-2016;13
27-01-2016;10
28-01-2016;5
29-01-2016;10
30-01-2016;11
31-01-2016;9
01-02-2016;11
02-02-2016;11
03-02-2016;6
04-02-2016;26
05-02-2016;22
06-02-2016;24
07-02-2016;11
08-02-2016;9
09-02-2016;6
10-02-2016;7
11-02-2016;5
12-02-2016;
13-02-2016;6
14-02-2016;5
15-02-2016;5
16-02-2016;10
17-02-2016;10
18-02-2016;6
19-02-2016;8
20-02-2016;9
21-02-2016;8
22-02-2016;12
23-02-2016;16
24-02-2016;10
25-02-2016;10
26-02-2016;11
27-02-2016;16
28-02-2016;17
29-02-2016;19
01-03-2016;15
02-03-2016;16
03-03-2016;7
04-03-2016;8
05-03-2016;10
06-03-2016;8
07-03-2016;11
08-03-2016;12
09-03-2016;21
10-03-2016;14
11-03-2016;14
12-03-2016;26
13-03-2016;15
14-03-2016;17
15-03-2016;13
16-03-2016;22
17-03-2016;18
18-03-2016;13
19-03-2016;14
20-03-2016;9
21-03-2016;10
22-03-2016;8
23-03-2016;19
24-03-2016;25
25-03-2016;56
26-03-2016;50
27-03-2016;21
28-03-2016;19
29-03-2016;48
30-03-2016;20
31-03-2016;24
01-04-2016;38
02-04-2016;18
03-04-2016;22
04-04-2016;30
05-04-2016;84
06-04-2016;35
07-04-2016;33
08-04-2016;54
09-04-2016;119
10-04-2016;117
11-04-2016;132
12-04-2016;131
13-04-2016;52
14-04-2016;51
15-04-2016;29.14
16-04-2016;31
17-04-2016;63
18-04-2016;43
19-04-2016;31
20-04-2016;29
21-04-2016;40
22-04-2016;97
23-04-2016;79
24-04-2016;117
25-04-2016;211
26-04-2016;291
27-04-2016;317
28-04-2016;81
29-04-2016;251.88
30-04-2016;161
01-05-2016;248
02-05-2016;294
03-05-2016;250
04-05-2016;247
05-05-2016;228
06-05-2016;234
07-05-2016;174.72
08-05-2016;48
09-05-2016;42
10-05-2016;39
11-05-2016;67
12-05-2016;149
13-05-2016;125
14-05-2016;
15-05-2016;69
16-05-2016;75
17-05-2016;128
18-05-2016;48
19-05-2016;248
20-05-2016;418
21-05-2016;413
22-05-2016;397
23-05-2016;351
24-05-2016;329
25-05-2016;25
26-05-2016;
27-05-2016;130
28-05-2016;353
29-05-2016;280
30-05-2016;216
31-05-2016;100.51
01-06-2016;164
02-06-2016;271
03-06-2016;259
04-06-2016;124.65
05-06-2016;31
06-06-2016;41
07-06-2016;56
08-06-2016;66
09-06-2016;147.41
10-06-2016;119
11-06-2016;86
12-06-2016;156
13-06-2016;58
14-06-2016;53
15-06-2016;66
16-06-2016;45
17-06-2016;102
18-06-2016;169
19-06-2016;346
20-06-2016;324
21-06-2016;98
22-06-2016;194
23-06-2016;115
24-06-2016;49
25-06-2016;37
26-06-2016;92
27-06-2016;247
28-06-2016;174
29-06-2016;32
30-06-2016;111
01-07-2016;117
02-07-2016;322
03-07-2016;127
04-07-2016;26
05-07-2016;40
06-07-2016;35
07-07-2016;47
08-07-2016;47
09-07-2016;60
10-07-2016;107
11-07-2016;109
12-07-2016;88
13-07-2016;80
14-07-2016;40
15-07-2016;77
16-07-2016;82
17-07-2016;129
18-07-2016;133.64
19-07-2016;255
20-07-2016;110
21-07-2016;89
22-07-2016;72
23-07-2016;105
24-07-2016;180
25-07-2016;122
26-07-2016;219
27-07-2016;100
28-07-2016;149
29-07-2016;156
30-07-2016;196
31-07-2016;193.06
01-08-2016;235
02-08-2016;218.75
03-08-2016;149
04-08-2016;74
05-08-2016;49
06-08-2016;66.62
07-08-2016;49
08-08-2016;27
09-08-2016;38
10-08-2016;72
11-08-2016;46
12-08-2016;102
13-08-2016;55
14-08-2016;96
15-08-2016;116
16-08-2016;164
17-08-2016;86
18-08-2016;65
19-08-2016;141.39
20-08-2016;52
21-08-2016;21.26
22-08-2016;52
23-08-2016;45
24-08-2016;114
25-08-2016;122
26-08-2016;55
27-08-2016;82
28-08-2016;71
29-08-2016;69
30-08-2016;47
31-08-2016;34
01-09-2016;53
02-09-2016;156
03-09-2016;191
04-09-2016;170
05-09-2016;86
06-09-2016;59.46
07-09-2016;65
08-09-2016;51
09-09-2016;64
10-09-2016;79
11-09-2016;101.29
12-09-2016;33
13-09-2016;33
14-09-2016;35
15-09-2016;29
16-09-2016;57
17-09-2016;94
18-09-2016;68.77
19-09-2016;58
20-09-2016;25
21-09-2016;30
22-09-2016;40
23-09-2016;66
24-09-2016;130
25-09-2016;54
26-09-2016;34
27-09-2016;71
28-09-2016;62
29-09-2016;46
30-09-2016;47
01-10-2016;31
02-10-2016;79
03-10-2016;71
04-10-2016;46
05-10-2016;33
06-10-2016;24
07-10-2016;43
08-10-2016;36
09-10-2016;16
10-10-2016;18
11-10-2016;26
12-10-2016;30
13-10-2016;16
14-10-2016;35
15-10-2016;48
16-10-2016;45
17-10-2016;26
18-10-2016;56
19-10-2016;48
20-10-2016;15
21-10-2016;28
22-10-2016;36
23-10-2016;38
24-10-2016;20
25-10-2016;17
26-10-2016;16
27-10-2016;16
28-10-2016;15
29-10-2016;10
30-10-2016;11
31-10-2016;18
01-11-2016;10
02-11-2016;12
03-11-2016;19
04-11-2016;39
05-11-2016;21
06-11-2016;20
07-11-2016;25
08-11-2016;29
09-11-2016;12
10-11-2016;15
11-11-2016;15
12-11-2016;11
13-11-2016;18
14-11-2016;23
15-11-2016;34
16-11-2016;27
17-11-2016;18
18-11-2016;16
19-11-2016;11
20-11-2016;28
21-11-2016;19
22-11-2016;14
23-11-2016;5
24-11-2016;6
25-11-2016;9
26-11-2016;10
27-11-2016;6
28-11-2016;9
29-11-2016;7
30-11-2016;6
01-12-2016;7
02-12-2016;11
03-12-2016;18
04-12-2016;25
05-12-2016;11
06-12-2016;9
07-12-2016;8
08-12-2016;5
09-12-2016;9
10-12-2016;7
11-12-2016;9
12-12-2016;10
13-12-2016;13
14-12-2016;12
15-12-2016;8
16-12-2016;11
17-12-2016;8
18-12-2016;6
19-12-2016;8
20-12-2016;16
21-12-2016;10
22-12-2016;8
23-12-2016;10
24-12-2016;24
25-12-2016;16.41
26-12-2016;8
27-12-2016;6
28-12-2016;5
29-12-2016;
30-12-2016;9
31-12-2016;13
01-01-2017;19
02-01-2017;19
03-01-2017;12
04-01-2017;16
05-01-2017;14
06-01-2017;27
07-01-2017;
08-01-2017;
09-01-2017;
10-01-2017;
11-01-2017;12
12-01-2017;20
13-01-2017;11
14-01-2017;10
15-01-2017;7
16-01-2017;16
17-01-2017;10
18-01-2017;13
19-01-2017;8
20-01-2017;6
21-01-2017;10
22-01-2017;12
23-01-2017;14.78
24-01-2017;9
25-01-2017;7
26-01-2017;5
27-01-2017;9
28-01-2017;11
29-01-2017;9
30-01-2017;13
31-01-2017;15
01-02-2017;9
02-02-2017;9
03-02-2017;10
04-02-2017;13
05-02-2017;9
06-02-2017;12
07-02-2017;8
08-02-2017;9
09-02-2017;10
10-02-2017;7
11-02-2017;7
12-02-2017;11
13-02-2017;8
14-02-2017;9
15-02-2017;7
16-02-2017;13
17-02-2017;14
18-02-2017;20
19-02-2017;19
20-02-2017;19
21-02-2017;16
22-02-2017;9
23-02-2017;8
24-02-2017;9
25-02-2017;10
26-02-2017;8
27-02-2017;8
28-02-2017;12
01-03-2017;16
02-03-2017;14
03-03-2017;17
04-03-2017;17
05-03-2017;20
06-03-2017;36
07-03-2017;46
08-03-2017;24
09-03-2017;16
10-03-2017;19
11-03-2017;15
12-03-2017;11
13-03-2017;18
14-03-2017;16
15-03-2017;20
16-03-2017;27
17-03-2017;22
18-03-2017;19
19-03-2017;10
20-03-2017;16
21-03-2017;12
22-03-2017;33
23-03-2017;21
24-03-2017;22
25-03-2017;52
26-03-2017;59
27-03-2017;40
28-03-2017;80
29-03-2017;50.79
30-03-2017;
31-03-2017;35
01-04-2017;69
02-04-2017;53
03-04-2017;21
04-04-2017;28
05-04-2017;26
06-04-2017;56
07-04-2017;
08-04-2017;
09-04-2017;33
10-04-2017;31
11-04-2017;63
12-04-2017;186
13-04-2017;263.08
14-04-2017;153
15-04-2017;111
16-04-2017;217
17-04-2017;151
18-04-2017;46
19-04-2017;25
20-04-2017;31
21-04-2017;29
22-04-2017;36
23-04-2017;33
24-04-2017;59
25-04-2017;43
26-04-2017;42
27-04-2017;38
28-04-2017;19
29-04-2017;32
30-04-2017;15
01-05-2017;51
02-05-2017;34
03-05-2017;73
04-05-2017;39
05-05-2017;141
06-05-2017;150
07-05-2017;82
08-05-2017;90
09-05-2017;177
10-05-2017;299
11-05-2017;200
12-05-2017;196
13-05-2017;139
14-05-2017;35
15-05-2017;77
16-05-2017;117
17-05-2017;87
18-05-2017;120
19-05-2017;54
20-05-2017;36
21-05-2017;34
22-05-2017;44
23-05-2017;49
24-05-2017;77
25-05-2017;51
26-05-2017;65
27-05-2017;35
28-05-2017;84
29-05-2017;188
30-05-2017;216
31-05-2017;118
01-06-2017;64
02-06-2017;83
03-06-2017;63
04-06-2017;69
05-06-2017;44
06-06-2017;37
07-06-2017;82
08-06-2017;29
09-06-2017;25
10-06-2017;44
11-06-2017;29
12-06-2017;63
13-06-2017;80
14-06-2017;122
15-06-2017;154
16-06-2017;168
17-06-2017;222
18-06-2017;68
19-06-2017;106
20-06-2017;176
21-06-2017;184
22-06-2017;113
23-06-2017;167
24-06-2017;136
25-06-2017;138
26-06-2017;122
27-06-2017;224
28-06-2017;106
29-06-2017;118
30-06-2017;247
01-07-2017;120
02-07-2017;245
03-07-2017;174
04-07-2017;155
05-07-2017;214
06-07-2017;46
07-07-2017;117
08-07-2017;155
09-07-2017;61
10-07-2017;58
11-07-2017;69
12-07-2017;107
13-07-2017;84
14-07-2017;207
15-07-2017;231
16-07-2017;54
17-07-2017;45
18-07-2017;34
19-07-2017;60
20-07-2017;67
21-07-2017;110
22-07-2017;112
23-07-2017;48
24-07-2017;39
25-07-2017;48
26-07-2017;101
27-07-2017;76
28-07-2017;49
29-07-2017;80
30-07-2017;137
31-07-2017;60
01-08-2017;30
02-08-2017;25
03-08-2017;51
04-08-2017;110
05-08-2017;132
06-08-2017;90
07-08-2017;83
08-08-2017;182
09-08-2017;197
10-08-2017;134
11-08-2017;90
12-08-2017;57
13-08-2017;49
14-08-2017;36
15-08-2017;34
16-08-2017;39
17-08-2017;96
18-08-2017;66
19-08-2017;51
20-08-2017;18
21-08-2017;89
22-08-2017;52
23-08-2017;113
24-08-2017;55
25-08-2017;76
26-08-2017;81
27-08-2017;114
28-08-2017;211
29-08-2017;56
30-08-2017;
31-08-2017;
01-09-2017;
02-09-2017;
03-09-2017;
04-09-2017;
05-09-2017;
06-09-2017;
07-09-2017;
08-09-2017;
09-09-2017;50
10-09-2017;34
11-09-2017;30
12-09-2017;19
13-09-2017;40
14-09-2017;26
15-09-2017;16
16-09-2017;16
17-09-2017;27
18-09-2017;36
19-09-2017;21
20-09-2017;16
21-09-2017;17
22-09-2017;28
23-09-2017;23
24-09-2017;28
25-09-2017;40
26-09-2017;47
27-09-2017;40
28-09-2017;67
29-09-2017;60
30-09-2017;27
01-10-2017;14
02-10-2017;31
03-10-2017;52
04-10-2017;30
05-10-2017;29
06-10-2017;15
07-10-2017;20
08-10-2017;46
09-10-2017;25
10-10-2017;59
11-10-2017;42
12-10-2017;27
13-10-2017;15
14-10-2017;11
15-10-2017;15
16-10-2017;17
17-10-2017;24
18-10-2017;23
19-10-2017;20
20-10-2017;34
21-10-2017;22
22-10-2017;28
23-10-2017;26
24-10-2017;22
25-10-2017;16
26-10-2017;16
27-10-2017;19
28-10-2017;17
29-10-2017;23
30-10-2017;17
31-10-2017;48
01-11-2017;18
02-11-2017;19
03-11-2017;28
04-11-2017;23
05-11-2017;27
06-11-2017;18
07-11-2017;23
08-11-2017;29
09-11-2017;18
10-11-2017;20
11-11-2017;22
12-11-2017;15
13-11-2017;15
14-11-2017;14
15-11-2017;12
16-11-2017;12
17-11-2017;14
18-11-2017;15
19-11-2017;17
20-11-2017;16
21-11-2017;20
22-11-2017;13
23-11-2017;15
24-11-2017;12
25-11-2017;11
26-11-2017;19
27-11-2017;13
28-11-2017;8
29-11-2017;12
30-11-2017;18
01-12-2017;15
02-12-2017;13
03-12-2017;9
04-12-2017;8
05-12-2017;6
06-12-2017;7
07-12-2017;10
08-12-2017;9
09-12-2017;9
10-12-2017;7
11-12-2017;7
12-12-2017;5
13-12-2017;8
14-12-2017;10
15-12-2017;15
16-12-2017;13
17-12-2017;10
18-12-2017;11
19-12-2017;11
20-12-2017;13
21-12-2017;24
22-12-2017;18
23-12-2017;12
24-12-2017;10
25-12-2017;
26-12-2017;8
27-12-2017;15
28-12-2017;9
29-12-2017;11
30-12-2017;11
31-12-2017;13
01-01-2018;12
02-01-2018;9
03-01-2018;12
04-01-2018;14
05-01-2018;10
06-01-2018;10
07-01-2018;7
08-01-2018;6
09-01-2018;6
10-01-2018;7
11-01-2018;5
12-01-2018;9
13-01-2018;10
14-01-2018;7
15-01-2018;9
16-01-2018;7
17-01-2018;8
18-01-2018;7
19-01-2018;
20-01-2018;
21-01-2018;
22-01-2018;
23-01-2018;10
24-01-2018;9
25-01-2018;7
26-01-2018;6
27-01-2018;6
28-01-2018;6
29-01-2018;5
30-01-2018;9
31-01-2018;7
01-02-2018;5
02-02-2018;4
03-02-2018;7
04-02-2018;4
05-02-2018;5
06-02-2018;8
07-02-2018;8
08-02-2018;14
09-02-2018;16
10-02-2018;16
11-02-2018;16
12-02-2018;5
13-02-2018;4
14-02-2018;8
15-02-2018;4
16-02-2018;5
17-02-2018;6
18-02-2018;7
19-02-2018;11
20-02-2018;10
21-02-2018;13
22-02-2018;8
23-02-2018;11
24-02-2018;7
25-02-2018;4
26-02-2018;6
27-02-2018;8
28-02-2018;4
01-03-2018;5
02-03-2018;6
03-03-2018;16
04-03-2018;19
05-03-2018;7
06-03-2018;7
07-03-2018;12
08-03-2018;10
09-03-2018;17
10-03-2018;13
11-03-2018;13
12-03-2018;16
13-03-2018;19
14-03-2018;21
15-03-2018;20
16-03-2018;32
17-03-2018;28
18-03-2018;11
19-03-2018;30
20-03-2018;95
21-03-2018;71
22-03-2018;20
23-03-2018;34
24-03-2018;34
25-03-2018;16
26-03-2018;22
27-03-2018;25
28-03-2018;20
29-03-2018;20
30-03-2018;12
31-03-2018;18
01-04-2018;13
02-04-2018;17
03-04-2018;35
04-04-2018;28
05-04-2018;26
06-04-2018;39
07-04-2018;41
08-04-2018;54
09-04-2018;59
10-04-2018;30
11-04-2018;35
12-04-2018;41
13-04-2018;67
14-04-2018;30
15-04-2018;30
16-04-2018;28
17-04-2018;15
18-04-2018;18
19-04-2018;33
20-04-2018;29
21-04-2018;31
22-04-2018;27
23-04-2018;25
24-04-2018;38
25-04-2018;86
26-04-2018;39
27-04-2018;45
28-04-2018;43
29-04-2018;49
30-04-2018;122
01-05-2018;62
02-05-2018;77
03-05-2018;27
04-05-2018;76
05-05-2018;139
06-05-2018;217
07-05-2018;151
08-05-2018;26
09-05-2018;26
10-05-2018;
11-05-2018;52
12-05-2018;109
13-05-2018;95
14-05-2018;61
15-05-2018;105
16-05-2018;69
17-05-2018;97
18-05-2018;120
19-05-2018;56
20-05-2018;36
21-05-2018;19
22-05-2018;32
23-05-2018;36
24-05-2018;38
25-05-2018;78
26-05-2018;27
27-05-2018;110
28-05-2018;48
29-05-2018;57
30-05-2018;47
31-05-2018;36
01-06-2018;211
02-06-2018;405
03-06-2018;321
04-06-2018;169
05-06-2018;127
06-06-2018;93
07-06-2018;137
08-06-2018;67
09-06-2018;172
10-06-2018;306
11-06-2018;210
12-06-2018;350
13-06-2018;261
14-06-2018;239
15-06-2018;90
16-06-2018;76
17-06-2018;107
18-06-2018;85
19-06-2018;38
20-06-2018;52
21-06-2018;39
22-06-2018;68
23-06-2018;84
24-06-2018;36
25-06-2018;63
26-06-2018;57
27-06-2018;66
28-06-2018;59
29-06-2018;53
30-06-2018;100
01-07-2018;91
02-07-2018;207
03-07-2018;370
04-07-2018;224
05-07-2018;126
06-07-2018;205
07-07-2018;286
08-07-2018;264
09-07-2018;373
10-07-2018;119
11-07-2018;83
12-07-2018;60
13-07-2018;78
14-07-2018;78
15-07-2018;96
16-07-2018;58
17-07-2018;110
18-07-2018;45
19-07-2018;53
20-07-2018;89
21-07-2018;65
22-07-2018;53
23-07-2018;37
24-07-2018;94
25-07-2018;111
26-07-2018;370
27-07-2018;116
28-07-2018;37
29-07-2018;29
30-07-2018;41
31-07-2018;23
01-08-2018;84
02-08-2018;206
03-08-2018;34
04-08-2018;51
05-08-2018;38
06-08-2018;90
07-08-2018;76
08-08-2018;147
09-08-2018;132
10-08-2018;133
11-08-2018;217
12-08-2018;177
13-08-2018;83
14-08-2018;29
15-08-2018;26
16-08-2018;31
17-08-2018;48
18-08-2018;51
19-08-2018;43
20-08-2018;107
21-08-2018;93
22-08-2018;99
23-08-2018;32
24-08-2018;48
25-08-2018;46
26-08-2018;26
27-08-2018;25
28-08-2018;55
29-08-2018;60
30-08-2018;134
31-08-2018;218
01-09-2018;75
02-09-2018;30
03-09-2018;70
04-09-2018;
05-09-2018;91
06-09-2018;26
07-09-2018;27
08-09-2018;30
09-09-2018;60
10-09-2018;55
11-09-2018;24
12-09-2018;18
13-09-2018;15
14-09-2018;19
15-09-2018;26
16-09-2018;37
17-09-2018;27
18-09-2018;31
19-09-2018;33
20-09-2018;43
21-09-2018;30
22-09-2018;35
23-09-2018;26
24-09-2018;55
25-09-2018;55
26-09-2018;35
27-09-2018;57
28-09-2018;35
29-09-2018;43
30-09-2018;33
01-10-2018;25
02-10-2018;21
03-10-2018;37
04-10-2018;23
05-10-2018;60
06-10-2018;25
07-10-2018;29
08-10-2018;27
09-10-2018;28
10-10-2018;26
11-10-2018;23
12-10-2018;17
13-10-2018;11
14-10-2018;13
15-10-2018;20
16-10-2018;86
17-10-2018;53
18-10-2018;19
19-10-2018;21
20-10-2018;40
21-10-2018;22
22-10-2018;40
23-10-2018;83
24-10-2018;47
25-10-2018;21
26-10-2018;18
27-10-2018;17
28-10-2018;14
29-10-2018;9
30-10-2018;25
31-10-2018;42
01-11-2018;28
02-11-2018;20
03-11-2018;15
04-11-2018;15
05-11-2018;31
06-11-2018;30
07-11-2018;22
08-11-2018;18
09-11-2018;32
10-11-2018;29
11-11-2018;16
12-11-2018;10
13-11-2018;9
14-11-2018;12
15-11-2018;12
16-11-2018;11
17-11-2018;9
18-11-2018;
19-11-2018;
20-11-2018;22
21-11-2018;32
22-11-2018;13
23-11-2018;10
24-11-2018;11
25-11-2018;17
26-11-2018;13
27-11-2018;9
28-11-2018;7
29-11-2018;8
30-11-2018;11
01-12-2018;13
02-12-2018;8
03-12-2018;9
04-12-2018;7
05-12-2018;14
06-12-2018;7
07-12-2018;6
08-12-2018;5
09-12-2018;4
10-12-2018;7
11-12-2018;7
12-12-2018;7
13-12-2018;10
14-12-2018;9
15-12-2018;6
16-12-2018;8
17-12-2018;11
18-12-2018;7
19-12-2018;6
20-12-2018;5
21-12-2018;6
22-12-2018;8
23-12-2018;7
24-12-2018;9
25-12-2018;9
26-12-2018;7
27-12-2018;5
28-12-2018;6
29-12-2018;10
30-12-2018;6
31-12-2018;13
01-01-2019;16
02-01-2019;11
03-01-2019;5
04-01-2019;6
05-01-2019;7
06-01-2019;8
07-01-2019;16
08-01-2019;14
09-01-2019;15
10-01-2019;13
11-01-2019;12
12-01-2019;15
13-01-2019;12
14-01-2019;5
15-01-2019;11
16-01-2019;15
17-01-2019;8
18-01-2019;5
19-01-2019;5
20-01-2019;5
21-01-2019;13
22-01-2019;
23-01-2019;
24-01-2019;
25-01-2019;
26-01-2019;12
27-01-2019;6
28-01-2019;3
29-01-2019;9
30-01-2019;9
31-01-2019;8
01-02-2019;9
02-02-2019;15
03-02-2019;15
04-02-2019;15
05-02-2019;11
06-02-2019;13
07-02-2019;12
08-02-2019;11
09-02-2019;9
10-02-2019;14
11-02-2019;14
12-02-2019;14
13-02-2019;11
14-02-2019;8
15-02-2019;8
16-02-2019;11
17-02-2019;9
18-02-2019;10
19-02-2019;11
20-02-2019;15
21-02-2019;19
22-02-2019;25
23-02-2019;11
24-02-2019;24
25-02-2019;30
26-02-2019;20
27-02-2019;18
28-02-2019;25
01-03-2019;17
02-03-2019;
03-03-2019;18
04-03-2019;16
05-03-2019;21
06-03-2019;23
07-03-2019;25
08-03-2019;16
09-03-2019;17
10-03-2019;20
11-03-2019;11
12-03-2019;20
13-03-2019;26
14-03-2019;23
15-03-2019;27
16-03-2019;17
17-03-2019;12
18-03-2019;22
19-03-2019;44
20-03-2019;23
21-03-2019;25
22-03-2019;16
23-03-2019;15
24-03-2019;16
25-03-2019;46
26-03-2019;58
27-03-2019;38
28-03-2019;27
29-03-2019;17
30-03-2019;28
31-03-2019;13
01-04-2019;17
02-04-2019;11
03-04-2019;15
04-04-2019;14
05-04-2019;14
06-04-2019;17
07-04-2019;24
08-04-2019;17
09-04-2019;26
10-04-2019;18
11-04-2019;13
12-04-2019;26
13-04-2019;26
14-04-2019;20
15-04-2019;16
16-04-2019;44
17-04-2019;26
18-04-2019;27
19-04-2019;31
20-04-2019;17
21-04-2019;49
22-04-2019;47
23-04-2019;90
24-04-2019;191
25-04-2019;204
26-04-2019;72
27-04-2019;64
28-04-2019;29
29-04-2019;25
30-04-2019;29
01-05-2019;54
02-05-2019;46
03-05-2019;101
04-05-2019;63
05-05-2019;24
06-05-2019;44
07-05-2019;65
08-05-2019;132
09-05-2019;51
10-05-2019;30
11-05-2019;15
12-05-2019;23
13-05-2019;57
14-05-2019;81
15-05-2019;
16-05-2019;
17-05-2019;
18-05-2019;
19-05-2019;
20-05-2019;
21-05-2019;
22-05-2019;
23-05-2019;
24-05-2019;
25-05-2019;38
26-05-2019;54
27-05-2019;96
28-05-2019;140
29-05-2019;135
30-05-2019;98
31-05-2019;126
01-06-2019;159
02-06-2019;102
03-06-2019;151
04-06-2019;113
05-06-2019;87
06-06-2019;38
07-06-2019;26
08-06-2019;63
09-06-2019;48
10-06-2019;56
11-06-2019;61
12-06-2019;123
13-06-2019;71
14-06-2019;82
15-06-2019;82
16-06-2019;80
17-06-2019;109
18-06-2019;88
19-06-2019;72
20-06-2019;164
21-06-2019;83
22-06-2019;47
23-06-2019;53
24-06-2019;43
25-06-2019;42
26-06-2019;54
27-06-2019;132
28-06-2019;138
29-06-2019;91
30-06-2019;75
01-07-2019;55
02-07-2019;81
03-07-2019;111
04-07-2019;182
05-07-2019;33
06-07-2019;138
07-07-2019;259
08-07-2019;164
09-07-2019;216
10-07-2019;142
11-07-2019;199
12-07-2019;214
13-07-2019;175
14-07-2019;95
15-07-2019;53
16-07-2019;106
17-07-2019;108
18-07-2019;54
19-07-2019;49
20-07-2019;79
21-07-2019;64
22-07-2019;44
23-07-2019;47
24-07-2019;43
25-07-2019;85
26-07-2019;35
27-07-2019;70
28-07-2019;126
29-07-2019;156
30-07-2019;66
31-07-2019;69
01-08-2019;45
02-08-2019;31
03-08-2019;24
04-08-2019;38
05-08-2019;82
06-08-2019;27
07-08-2019;62
08-08-2019;62
09-08-2019;24
10-08-2019;80
11-08-2019;44
12-08-2019;51
13-08-2019;118
14-08-2019;102
15-08-2019;78
16-08-2019;78
17-08-2019;51
18-08-2019;118
19-08-2019;158
20-08-2019;29
21-08-2019;45
22-08-2019;94
23-08-2019;92
24-08-2019;66
25-08-2019;74
26-08-2019;34
27-08-2019;77
28-08-2019;44
29-08-2019;30
30-08-2019;28
31-08-2019;61
01-09-2019;46
02-09-2019;75
03-09-2019;39
04-09-2019;46
05-09-2019;60
06-09-2019;128
07-09-2019;76
08-09-2019;36
09-09-2019;103
10-09-2019;99
11-09-2019;29
12-09-2019;35
13-09-2019;53
14-09-2019;26
15-09-2019;30
16-09-2019;15
17-09-2019;14
18-09-2019;27
19-09-2019;17
20-09-2019;19
21-09-2019;23
22-09-2019;22
23-09-2019;14
24-09-2019;14
25-09-2019;23
26-09-2019;79
27-09-2019;56
28-09-2019;23
29-09-2019;21
30-09-2019;27
01-10-2019;36
02-10-2019;50
03-10-2019;32
04-10-2019;18
05-10-2019;23
06-10-2019;27
07-10-2019;16
08-10-2019;15
09-10-2019;15
10-10-2019;38
11-10-2019;26
12-10-2019;17
13-10-2019;20
14-10-2019;33
15-10-2019;24
16-10-2019;27
17-10-2019;13
18-10-2019;16
19-10-2019;14
20-10-2019;18
21-10-2019;26
22-10-2019;24
23-10-2019;30
24-10-2019;20
25-10-2019;17
26-10-2019;13
27-10-2019;28
28-10-2019;46
29-10-2019;19
30-10-2019;20
31-10-2019;23
01-11-2019;15
02-11-2019;8
03-11-2019;13
04-11-2019;15
05-11-2019;10
06-11-2019;14
07-11-2019;15
08-11-2019;19
09-11-2019;12
10-11-2019;11
11-11-2019;13
12-11-2019;7
13-11-2019;8
14-11-2019;11
15-11-2019;11
16-11-2019;14
17-11-2019;16
18-11-2019;11
19-11-2019;16
20-11-2019;17
21-11-2019;15
22-11-2019;23
23-11-2019;24
24-11-2019;9
25-11-2019;16
26-11-2019;15
27-11-2019;13
28-11-2019;14
29-11-2019;13
30-11-2019;17
01-12-2019;15
02-12-2019;13
03-12-2019;14
04-12-2019;10
05-12-2019;12
06-12-2019;16
07-12-2019;9
08-12-2019;6
09-12-2019;7
10-12-2019;14
11-12-2019;13
12-12-2019;12
13-12-2019;10
14-12-2019;10
15-12-2019;9
16-12-2019;11
17-12-2019;12
18-12-2019;14
19-12-2019;13
20-12-2019;12
21-12-2019;9
22-12-2019;16
23-12-2019;13
24-12-2019;15
25-12-2019;9
26-12-2019;15
27-12-2019;8
28-12-2019;15
29-12-2019;13
30-12-2019;9
31-12-2019;21
01-01-2020;14
02-01-2020;6
03-01-2020;5
04-01-2020;7
05-01-2020;8
06-01-2020;10
07-01-2020;14
08-01-2020;16
09-01-2020;14
10-01-2020;10
11-01-2020;8
12-01-2020;5
13-01-2020;7
14-01-2020;11
15-01-2020;9
16-01-2020;9
17-01-2020;6
18-01-2020;7
19-01-2020;5
20-01-2020;5
21-01-2020;
22-01-2020;
23-01-2020;
24-01-2020;
25-01-2020;5
26-01-2020;6
27-01-2020;7
28-01-2020;10
29-01-2020;10
30-01-2020;5
31-01-2020;5
01-02-2020;10
02-02-2020;10
03-02-2020;13
04-02-2020;15
05-02-2020;23
06-02-2020;28
07-02-2020;27
08-02-2020;22
09-02-2020;13
10-02-2020;7
11-02-2020;6
12-02-2020;7
13-02-2020;9
14-02-2020;9
15-02-2020;11
16-02-2020;9
17-02-2020;11
18-02-2020;12
19-02-2020;12
20-02-2020;16
21-02-2020;26
22-02-2020;17
23-02-2020;5
24-02-2020;8
25-02-2020;9
26-02-2020;10
27-02-2020;7
28-02-2020;10
29-02-2020;7
01-03-2020;4
02-03-2020;5
03-03-2020;13
04-03-2020;9
05-03-2020;12
06-03-2020;11
07-03-2020;9
08-03-2020;9
09-03-2020;21
10-03-2020;
11-03-2020;10
12-03-2020;32
13-03-2020;16
14-03-2020;12
15-03-2020;12
16-03-2020;11
17-03-2020;18
18-03-2020;9
19-03-2020;12
20-03-2020;10
21-03-2020;16
22-03-2020;18
23-03-2020;14
24-03-2020;19
25-03-2020;23
26-03-2020;13
27-03-2020;14
28-03-2020;27
29-03-2020;36
30-03-2020;50
31-03-2020;28
01-04-2020;27
02-04-2020;31
03-04-2020;17
04-04-2020;12
05-04-2020;31
06-04-2020;38
07-04-2020;47
08-04-2020;78
09-04-2020;31
10-04-2020;23
11-04-2020;17
12-04-2020;25
13-04-2020;41
14-04-2020;40
15-04-2020;53
16-04-2020;36
17-04-2020;31
18-04-2020;44
19-04-2020;26
20-04-2020;40
21-04-2020;58
22-04-2020;149
23-04-2020;92
24-04-2020;61
25-04-2020;46
26-04-2020;83
27-04-2020;86
28-04-2020;74
29-04-2020;43
30-04-2020;62
01-05-2020;105
02-05-2020;97
03-05-2020;87
04-05-2020;94
05-05-2020;81
06-05-2020;44
07-05-2020;40
08-05-2020;75
09-05-2020;38
10-05-2020;45
11-05-2020;21
12-05-2020;88
13-05-2020;60
14-05-2020;62
15-05-2020;35
16-05-2020;34
17-05-2020;58
18-05-2020;32
19-05-2020;136
20-05-2020;119
21-05-2020;125
22-05-2020;68
23-05-2020;58
24-05-2020;44
25-05-2020;82
26-05-2020;55
27-05-2020;44
28-05-2020;105
29-05-2020;81
30-05-2020;55
31-05-2020;81
01-06-2020;43
02-06-2020;63
03-06-2020;44
04-06-2020;27
05-06-2020;77
06-06-2020;65
07-06-2020;55
08-06-2020;30
09-06-2020;36
10-06-2020;41
11-06-2020;74
12-06-2020;85
13-06-2020;96
14-06-2020;166
15-06-2020;275
16-06-2020;232
17-06-2020;151
18-06-2020;79
19-06-2020;38
20-06-2020;58
21-06-2020;71
22-06-2020;97
23-06-2020;182
24-06-2020;110
25-06-2020;89
26-06-2020;56
27-06-2020;35
28-06-2020;27
29-06-2020;59
30-06-2020;109
01-07-2020;95
02-07-2020;153
03-07-2020;159
04-07-2020;143
05-07-2020;110
06-07-2020;237
07-07-2020;175
08-07-2020;56
09-07-2020;94
10-07-2020;54
11-07-2020;64
12-07-2020;59
13-07-2020;63
14-07-2020;118
15-07-2020;107
16-07-2020;102
17-07-2020;212
18-07-2020;168
19-07-2020;200
20-07-2020;94
21-07-2020;31
22-07-2020;48
23-07-2020;114
24-07-2020;55
25-07-2020;110
26-07-2020;71
27-07-2020;84
28-07-2020;68
29-07-2020;89
30-07-2020;179
31-07-2020;183
01-08-2020;68
02-08-2020;87
03-08-2020;53
04-08-2020;75
05-08-2020;100
06-08-2020;46
07-08-2020;76
08-08-2020;70
09-08-2020;61
10-08-2020;31
11-08-2020;25
12-08-2020;19
13-08-2020;37
14-08-2020;37
15-08-2020;17
16-08-2020;18
17-08-2020;27
18-08-2020;85
19-08-2020;46
20-08-2020;20
21-08-2020;23
22-08-2020;22
23-08-2020;28
24-08-2020;48
25-08-2020;57
26-08-2020;45
27-08-2020;33
28-08-2020;33
29-08-2020;18
30-08-2020;27
31-08-2020;98
01-09-2020;129
02-09-2020;59
03-09-2020;26
04-09-2020;42
05-09-2020;45
06-09-2020;60
07-09-2020;69
08-09-2020;30
09-09-2020;38
10-09-2020;31
11-09-2020;24
12-09-2020;27
13-09-2020;20
14-09-2020;12
15-09-2020;37
16-09-2020;34
17-09-2020;17
18-09-2020;23
19-09-2020;29
20-09-2020;75
21-09-2020;36
22-09-2020;18
23-09-2020;23
24-09-2020;16
25-09-2020;15
26-09-2020;17
27-09-2020;15
28-09-2020;16
29-09-2020;26
30-09-2020;14
01-10-2020;28
02-10-2020;38
03-10-2020;52
04-10-2020;18
05-10-2020;14
06-10-2020;18
07-10-2020;13
08-10-2020;14
09-10-2020;14
10-10-2020;13
11-10-2020;15
12-10-2020;10
13-10-2020;12
14-10-2020;19
15-10-2020;17
16-10-2020;13
17-10-2020;13
18-10-2020;14
19-10-2020;19
20-10-2020;23
21-10-2020;22
22-10-2020;37
23-10-2020;26
24-10-2020;15
25-10-2020;11
26-10-2020;13
27-10-2020;17
28-10-2020;19
29-10-2020;17
30-10-2020;10
31-10-2020;16
01-11-2020;10
02-11-2020;14
03-11-2020;8
04-11-2020;11
05-11-2020;11
06-11-2020;10
07-11-2020;10
08-11-2020;8
09-11-2020;8
10-11-2020;9
11-11-2020;9
12-11-2020;8
13-11-2020;8
14-11-2020;8
15-11-2020;10
16-11-2020;7
17-11-2020;7
18-11-2020;9
19-11-2020;8
20-11-2020;7
21-11-2020;11
22-11-2020;10
23-11-2020;12
24-11-2020;11
25-11-2020;13
26-11-2020;11
27-11-2020;12
28-11-2020;12
29-11-2020;9
30-11-2020;8
01-12-2020;8
02-12-2020;9
03-12-2020;13
04-12-2020;9
05-12-2020;7
06-12-2020;4
07-12-2020;5
08-12-2020;7
09-12-2020;9
10-12-2020;9
11-12-2020;10
12-12-2020;10
13-12-2020;12
14-12-2020;11
15-12-2020;11
16-12-2020;10
17-12-2020;7
18-12-2020;8
19-12-2020;9
20-12-2020;5
21-12-2020;10
22-12-2020;10
23-12-2020;9
24-12-2020;12
25-12-2020;12
26-12-2020;5
27-12-2020;4
28-12-2020;7
29-12-2020;13
30-12-2020;9
31-12-2020;14
01-01-2021;9
02-01-2021;9
03-01-2021;9
04-01-2021;9
05-01-2021;6
06-01-2021;6
07-01-2021;8
08-01-2021;6
09-01-2021;12
10-01-2021;16
11-01-2021;11
12-01-2021;11
13-01-2021;10
14-01-2021;8
15-01-2021;14
16-01-2021;9
17-01-2021;5
18-01-2021;8
19-01-2021;4
20-01-2021;6
21-01-2021;5
22-01-2021;
23-01-2021;
24-01-2021;
25-01-2021;
26-01-2021;9
27-01-2021;11
28-01-2021;10
29-01-2021;9
30-01-2021;18
31-01-2021;9
01-02-2021;4
02-02-2021;5
03-02-2021;6
04-02-2021;6
05-02-2021;6
06-02-2021;14
07-02-2021;9
08-02-2021;8
09-02-2021;8
10-02-2021;9
11-02-2021;6
12-02-2021;8
13-02-2021;5
14-02-2021;7
15-02-2021;9
16-02-2021;4
17-02-2021;6
18-02-2021;10
19-02-2021;11
20-02-2021;7
21-02-2021;9
22-02-2021;8
23-02-2021;6
24-02-2021;5
25-02-2021;4
26-02-2021;7
27-02-2021;6
28-02-2021;8
01-03-2021;5
02-03-2021;11
03-03-2021;11
04-03-2021;11
05-03-2021;7
06-03-2021;4
07-03-2021;10
08-03-2021;13
09-03-2021;22
10-03-2021;16
11-03-2021;11
12-03-2021;9
13-03-2021;10
14-03-2021;20
15-03-2021;9
16-03-2021;20
17-03-2021;50
18-03-2021;29
19-03-2021;12
20-03-2021;11
21-03-2021;12
22-03-2021;11
23-03-2021;12
24-03-2021;19
25-03-2021;21
26-03-2021;14
27-03-2021;11
28-03-2021;12
29-03-2021;15
30-03-2021;7
31-03-2021;15
01-04-2021;23
02-04-2021;18
03-04-2021;13
04-04-2021;21
05-04-2021;16
06-04-2021;17
07-04-2021;21
08-04-2021;23
09-04-2021;43
10-04-2021;24
11-04-2021;18
12-04-2021;17
13-04-2021;21
14-04-2021;13
15-04-2021;10
16-04-2021;15
17-04-2021;48
18-04-2021;53
19-04-2021;31
20-04-2021;42
21-04-2021;44
22-04-2021;58
23-04-2021;36
24-04-2021;50
25-04-2021;28
26-04-2021;22
27-04-2021;25
28-04-2021;25
29-04-2021;36
30-04-2021;42
01-05-2021;47
02-05-2021;18
03-05-2021;48
04-05-2021;59
05-05-2021;137
06-05-2021;278
07-05-2021;242
08-05-2021;42
09-05-2021;36
10-05-2021;80
11-05-2021;60
12-05-2021;25
13-05-2021;57
14-05-2021;116
15-05-2021;77
16-05-2021;129
17-05-2021;127
18-05-2021;238
19-05-2021;182
20-05-2021;128
21-05-2021;110
22-05-2021;51
23-05-2021;42
24-05-2021;22
25-05-2021;
26-05-2021;47
27-05-2021;55
28-05-2021;51
29-05-2021;35
30-05-2021;60
31-05-2021;40
01-06-2021;26
02-06-2021;51
03-06-2021;40
04-06-2021;30
05-06-2021;28
06-06-2021;38
07-06-2021;96
08-06-2021;55
09-06-2021;50
10-06-2021;59
11-06-2021;52
12-06-2021;45
13-06-2021;66
14-06-2021;59
15-06-2021;221
16-06-2021;340
17-06-2021;415
18-06-2021;271
19-06-2021;92
20-06-2021;164
21-06-2021;169
